hExp,Delta
70.3755364338893,0.799072428888888
88.4826272964692,0.883712737530961
103.789914058252,0.962799935475828
118.392162759038,1.0445684091379
